{"stats":{"minecraft:picked_up":{"minecraft:wheat_seeds":2,"minecraft:dirt":4},"minecraft:used":{"minecraft:dirt":4},"minecraft:custom":{"minecraft:jump":24,"minecraft:time_since_rest":941,"minecraft:leave_game":1,"minecraft:crouch_one_cm":151,"minecraft:sprint_one_cm":4377,"minecraft:play_time":941,"minecraft:damage_taken":10,"minecraft:time_since_death":941,"minecraft:walk_one_cm":2297,"minecraft:sneak_time":16,"minecraft:total_world_time":941,"minecraft:drop":2,"minecraft:fall_one_cm":418,"minecraft:fly_one_cm":4013},"minecraft:dropped":{"minecraft:wheat_seeds":2},"minecraft:mined":{"minecraft:grass":9,"minecraft:tall_grass":2,"minecraft:grass_block":4}},"DataVersion":3465}