{"stats":{"minecraft:picked_up":{"minecraft:dirt":2,"minecraft:gravel":1},"minecraft:used":{"minecraft:dirt":2,"minecraft:gravel":1},"minecraft:custom":{"minecraft:jump":23,"minecraft:time_since_rest":962,"minecraft:damage_dealt":10,"minecraft:leave_game":1,"minecraft:sprint_one_cm":909,"minecraft:play_time":962,"minecraft:time_since_death":962,"minecraft:walk_one_cm":2585,"minecraft:total_world_time":962,"minecraft:fall_one_cm":418,"minecraft:fly_one_cm":2219},"minecraft:mined":{"minecraft:tall_grass":1,"minecraft:grass_block":1,"minecraft:dirt":1,"minecraft:gravel":1}},"DataVersion":3465}